ablation,mean_mae,delta_vs_full
full_feature_set,43.95602767832175,0.0
drop_rolling_stats,44.326269802760436,0.37024212443868265
drop_calendar,46.851638763878405,2.895611085556652
drop_weather_sensors,40.68489127600194,-3.2711364023198115
drop_negative_controls,44.45598586447432,0.4999581861525684
